data_as_on,state,nodal_district_per_source,constituency,house_name,member_type,mp_name,sanction_amount,date_of_administrative_approval,work_name,unique_work_number,implementing_agency_name,work_status,date_of_receipt_of_work_proposal_from_mp
16-10-2025,West Bengal,South Twenty Four Parganas,Diamond Harbour,16th Lok Sabha,Lok Sabha MP,Abhishek Banerjee,1999999,13-02-2017,Construction of RCC Bridge on Katakhali Canal at Kawalitala,WS/25019/2017/00398,Additional Executive Officer Zilla Parishad South 24-Parganas,Financial Sanction Approved,19-01-2017
16-10-2025,West Bengal,South Twenty Four Parganas,Diamond Harbour,16th Lok Sabha,Lok Sabha MP,Abhishek Banerjee,619621,08-08-2017,Construction of concrete road from Kartick Gayens house to Sk Mahasins house,WS/25019/2017/00399,E.O. Budge-Budge-II PS,Financial Sanction Approved,20-02-2017
16-10-2025,West Bengal,South Twenty Four Parganas,Diamond Harbour,16th Lok Sabha,Lok Sabha MP,Abhishek Banerjee,299971,02-05-2017,Construction of concrete road from house of Nimai Khan to Shibkrishna Das Pool,WS/25019/2017/00400,E.O. Budge-Budge-II PS,Financial Sanction Approved,20-02-2017
16-10-2025,West Bengal,South Twenty Four Parganas,Diamond Harbour,16th Lok Sabha,Lok Sabha MP,Abhishek Banerjee,198902,02-05-2017,Construction of concrete road from house of Sk Sapi to Sultan Sks house,WS/25019/2017/00401,E.O. Budge-Budge-II PS,Financial Sanction Approved,20-02-2017
16-10-2025,West Bengal,South Twenty Four Parganas,Diamond Harbour,16th Lok Sabha,Lok Sabha MP,Abhishek Banerjee,300000,27-06-2017,Construction of PCC road from Sk Suraths house to Niranjan Pores house,WS/25019/2017/00402,E.O. Budge-Budge-II PS,Financial Sanction Approved,20-02-2017
16-10-2025,West Bengal,South Twenty Four Parganas,Diamond Harbour,16th Lok Sabha,Lok Sabha MP,Abhishek Banerjee,299516,02-05-2017,Construction of concrete road from Bahircharan Primary School to Tushtu Beras house,WS/25019/2017/00403,E.O. Budge-Budge-II PS,Financial Sanction Approved,20-02-2017
16-10-2025,West Bengal,South Twenty Four Parganas,Diamond Harbour,16th Lok Sabha,Lok Sabha MP,Abhishek Banerjee,290000,14-09-2017,Construction of concrete road at Kazipara Lane Ward-04 Maheshtala Municipality,WS/25019/2017/00404,Chairman Maheshtala Municipality,Financial Sanction Approved,25-05-2017
16-10-2025,West Bengal,South Twenty Four Parganas,Diamond Harbour,16th Lok Sabha,Lok Sabha MP,Abhishek Banerjee,340000,14-09-2017,Construction of concrete road from Laltu Stores to house of Afzal Haji Ward No.05 Maheshtala Municipality,WS/25019/2017/00405,Chairman Maheshtala Municipality,Financial Sanction Approved,25-05-2017
16-10-2025,West Bengal,South Twenty Four Parganas,Diamond Harbour,16th Lok Sabha,Lok Sabha MP,Abhishek Banerjee,250000,14-09-2017,Construction of concrete road from house of Subrata Dasgupta to house of Dilip Paul Ward No.06 Maheshtala Municipality,WS/25019/2017/00406,Chairman Maheshtala Municipality,Financial Sanction Approved,25-05-2017
16-10-2025,West Bengal,South Twenty Four Parganas,Diamond Harbour,16th Lok Sabha,Lok Sabha MP,Abhishek Banerjee,300000,14-09-2017,Construction of concrete road from Rabindranagar Cooperative Store to house of Lt Mihir Saha Ward No.07 Maheshtala Municipality,WS/25019/2017/00407,Chairman Maheshtala Municipality,Financial Sanction Approved,25-05-2017
